ID,text,device,favorites,retweets,date
1339362422046543880,".@KamalaHarris and I are building a historic Cabinet.

A Cabinet that looks like America and taps into the best of‚Ä¶ https://t.co/sRbOYUw1CH",Twitter Media Studio,36477,3346,2020-12-17 00:11:00
1339382302992781317,"In this battle for the soul of America, democracy prevailed.",TweetDeck,250763,14378,2020-12-17 01:30:00
1339582371557883906,"When I think of climate change, I think about jobs. Good-paying, union jobs that put Americans to work, make our ai‚Ä¶ https://t.co/9yVEgKulUv",TweetDeck,169756,13019,2020-12-17 14:45:00
1339636981345755137,"Millions of people are out of work. Small businesses are closing. People are struggling to pay their bills, stay in‚Ä¶ https://t.co/IWuc14XiqN",TweetDeck,114520,11985,2020-12-17 18:22:00
1339685802956255242,"I‚Äôm prepared to sign a COVID relief package on day one, but I need @ReverendWarnock and @ossoff in the Senate to ge‚Ä¶ https://t.co/hUXLtoxnPU",Twitter Media Studio,80605,16818,2020-12-17 21:36:00
1339712981916033025,"I always know malarkey when I see it, and I‚Äôm looking forward to joining @StephenAtHome tonight.

Make sure to tune‚Ä¶ https://t.co/mskgo1AXak",Twitter Web App,44529,3357,2020-12-17 23:24:00
1339732371764109312,"RT @Transition46: The undeniable reality of climate change is taking a toll on lives and livelihoods across the country. 

This team will l‚Ä¶",Twitter Web App,0,2374,2020-12-18 00:41:03
1339745949237665792,"We have no time to waste to confront the climate crisis, protect our air and water, and deliver justice to communit‚Ä¶ https://t.co/0hXAPAnRkh",Twitter Media Studio,28102,3570,2020-12-18 01:35:00
1339759790717734913,Let me be clear: The United States of America has always set an example for the world for the peaceful transition o‚Ä¶ https://t.co/VJ2jVSJjX4,TweetDeck,225417,15460,2020-12-18 02:30:00
1340326524994633729,"Folks, there are less than three weeks until the Georgia Senate runoffs and we need to ensure @ossoff and‚Ä¶ https://t.co/ZVAkzBtnaX",TweetDeck,28616,5467,2020-12-19 16:02:00
1340379335975268352,We need to meet the threat of climate change with the urgency it demands ‚Äî and seize the opportunity to build back‚Ä¶ https://t.co/YZTcmZJy4g,Periscope,28804,3562,2020-12-19 19:31:51
1340427943051284480,"On day one, my administration will rejoin the Paris Agreement and put America back in the business of leading the world on climate change.",TweetDeck,529335,32075,2020-12-19 22:45:00
1340460406888796160,"Together, we‚Äôre going to tackle the threat of climate change head-on and create millions of good-paying, union jobs. https://t.co/OMU4DiWLMT",Twitter Media Studio,30396,3036,2020-12-20 00:54:00
1340478274909040640,"When it comes to the existential threat of climate change, we have no time to lose. This team will be ready on day‚Ä¶ https://t.co/wGqdujmL69",Twitter Media Studio,35818,3029,2020-12-20 02:05:00
1340665760021024770,I believe that every American has a fundamental right to breathe clean air and drink clean water. https://t.co/f6FfFlCWLG,Twitter Media Studio,67768,5789,2020-12-20 14:30:00
1340721628154482691,"As president, I‚Äôll put America on a path to achieve a carbon-pollution free electricity sector by 2035 ‚Äî a path tha‚Ä¶ https://t.co/RemvX1lW4r",TweetDeck,178312,12220,2020-12-20 18:12:00
1340747549028851717,"In one month, we begin to heal.",TweetDeck,747581,50307,2020-12-20 19:55:00
1340791589275316224,"As the first Native American Cabinet Secretary in our nation‚Äôs history, Congresswoman Haaland will be a true stewar‚Ä¶ https://t.co/UMt8j6Gkz9",Twitter Media Studio,36199,3686,2020-12-20 22:50:00
1340820529888915456,"One month, folks. https://t.co/wSuscy3dSN",Twitter Media Studio,98485,8651,2020-12-21 00:45:00
1341029406333087746,Georgia ‚Äî Your vote has the power to change the future of this country. Don‚Äôt wait to use it. Make your plan to vot‚Ä¶ https://t.co/Yj3MKVEZ7F,Twitter Media Studio,34268,6139,2020-12-21 14:35:00
1341076596887719936,"Tune in as @KamalaHarris rallies voters in Columbus, Georgia, ahead of the January Senate runoffs. https://t.co/MZjZOfZFt7",Periscope,23695,3053,2020-12-21 17:42:31
1341170334909816833,I know you're probably tired of hearing about politics after this year. But with just 15 days left until the Georgi‚Ä¶ https://t.co/b7xoSlj6Fa,TweetDeck,19907,3351,2020-12-21 23:55:00
1341185434408415233,"Today, I received the COVID-19 vaccine.

To the scientists and researchers who worked tirelessly to make this possi‚Ä¶ https://t.co/j9Dn8fVkO6",Twitter Media Studio,327868,23159,2020-12-22 00:55:00
1341255898711220225,"I applaud this relief package, but our work is far from over. Starting in the new year, Congress will need to immed‚Ä¶ https://t.co/AMWRpFYDKN",Twitter Web App,46966,4612,2020-12-22 05:35:00
1341455463758479360,"Ten years ago today, I joined President Obama as he signed the repeal of Don‚Äôt Ask, Don‚Äôt Tell into law. Thanks to‚Ä¶ https://t.co/NRIBvNLBDx",Twitter Media Studio,36135,3096,2020-12-22 18:48:00
1341470726037987330,Tune in as I deliver remarks ahead of the holiday. https://t.co/NScn1mPn0P,Periscope,21393,2507,2020-12-22 19:48:39
1341493715811127298,"In the first 100 days of my administration, we will:

- Ask all Americans to mask up
- Administer 100 million vacci‚Ä¶ https://t.co/C9iq6LPLFV",TweetDeck,133814,10906,2020-12-22 21:20:00
1341547822093463552,"An educator will lead our Department of Education.

I am proud to nominate Dr. Miguel Cardona to ensure our teacher‚Ä¶ https://t.co/JKTcd9TdZm",TweetDeck,221962,15140,2020-12-23 00:55:00
1341560833340522498,"RT @Transition46: Dr. Miguel Cardona has been nominated by the president-elect to lead the Department of Education. 

As a former public sc‚Ä¶",Twitter Web App,0,2160,2020-12-23 01:46:42
1341575504617345024,"Yesterday, in an effort to instill confidence in the vaccine, I had my shot administered in public. 
 
I have absol‚Ä¶ https://t.co/BvJFqcxn2G",Twitter Media Studio,35474,3347,2020-12-23 02:45:00
1341768024806797313,This cybersecurity attack happened on Donald Trump‚Äôs watch. But rest assured that even if he does not take it serio‚Ä¶ https://t.co/WfYn2KVixh,Twitter Media Studio,37973,4580,2020-12-23 15:30:00
1341786919126986753,"With Dr. Miguel Cardona leading the way, we‚Äôre going to ensure every student in this country receives a high-qualit‚Ä¶ https://t.co/NjsZnFpXTy",Periscope,23272,2564,2020-12-23 16:45:05
1341839745689690112,"Here‚Äôs the simple truth: Our darkest days in this battle against COVID are ahead of us ‚Äî not behind us.  
 
We need‚Ä¶ https://t.co/WNAuxQhNNw",Twitter Media Studio,26974,3441,2020-12-23 20:15:00
1341884037606985729,"It‚Äôs long past time we pay teachers what they deserve.  

The work they do is of extreme national importance ‚Äî and‚Ä¶ https://t.co/PFOjoLqCPD",TweetDeck,273979,27732,2020-12-23 23:11:00
1341907693477490689,We need to make sure every child in this nation has access to a good education ‚Äî regardless of zip code or disabili‚Ä¶ https://t.co/Djm5EUf8oR,Twitter Media Studio,29771,3104,2020-12-24 00:45:00
1341931601060454401,"In the 21st century, twelve years of school isn‚Äôt enough. That‚Äôs why under the Biden-Harris plan, community college‚Ä¶ https://t.co/E5FoVr5Tfc",TweetDeck,238929,24939,2020-12-24 02:20:00
1341941673933344769,Every student must be equipped to thrive in the economy of the future. Every educator needs resources to do their j‚Ä¶ https://t.co/7iElcWw0VW,Twitter Media Studio,21804,2136,2020-12-24 03:00:01
1342138967865479169,"No matter how you‚Äôre celebrating this year, Champ and Major wish you a Merry Christmas. https://t.co/SrZBT4vmpP",Twitter Media Studio,269087,27588,2020-12-24 16:04:00
1342166602675089409,RT @DrBiden: Happy Birthday Dr. Fauci üíï https://t.co/fhdVvtHvvy,Twitter Web App,0,5660,2020-12-24 17:53:48
1342184517872791552,To Linda ‚Äî and everyone out there who‚Äôs hurting or struggling ‚Äî keep the faith. https://t.co/pXDHmzvYQ8,Twitter Media Studio,30254,3863,2020-12-24 19:05:00
1342213458842927106,"I know how hard it is to forego holiday traditions ‚Äî but it is so very important. Please wear masks, limit the size‚Ä¶ https://t.co/nTTaceJfdH",TweetDeck,211942,16530,2020-12-24 21:00:00
1342257498405785600,We take holiday traditions very seriously in the Biden family. https://t.co/I7L6sGkkHN,Twitter Media Studio,77891,7262,2020-12-24 23:55:00
1342490030787407872,"From our family to yours, Merry Christmas and Happy Holidays. https://t.co/NzVEFFfrG1",Twitter Media Studio,230324,22185,2020-12-25 15:19:00
1342919359627481092,Jill and I send our heartfelt wishes to everyone celebrating Kwanzaa. We hope these days of reflection on the seven‚Ä¶ https://t.co/lkoDY5be3C,TweetDeck,102475,7466,2020-12-26 19:45:00
1342994857023983616,"After a year of pain and loss, it‚Äôs time to unite, heal, and rebuild.",TweetDeck,415782,28735,2020-12-27 00:45:00
1343255327622381568,To all the health care workers on the front lines of this fight ‚Äî thank you. You are true heroes.,TweetDeck,333080,26647,2020-12-27 18:00:01
1343320754478190593,From COVID-19 and the economy to climate change and racial justice ‚Äî our nation is facing four historic crises at o‚Ä¶ https://t.co/vuEA6Pw4Vq,TweetDeck,86730,8155,2020-12-27 22:20:00
1343364794665947136,We‚Äôve gotten through tough times before in this nation ‚Äî and we‚Äôll get through them again. https://t.co/ulSsFLgNei,Twitter Media Studio,38206,4295,2020-12-28 01:15:00
1343591287467827201,"Folks, there‚Äôs just over one week until the Georgia Senate runoffs. With the races neck and neck, we need your help‚Ä¶ https://t.co/CC60n7rNLx",TweetDeck,33940,6249,2020-12-28 16:15:00
1343650410817458177,"This afternoon, I was briefed by members of my national security and foreign policy agency review teams. Tune in as‚Ä¶ https://t.co/iV6szrJfwT",Periscope,26259,3539,2020-12-28 20:09:56
1343709566622720001,"Right now, my team isn‚Äôt getting all the information that we need from the outgoing administration in key national‚Ä¶ https://t.co/pRaOeA7DX2",Twitter Media Studio,64537,11009,2020-12-29 00:05:00
1343734732282974208,"This year, we‚Äôve painfully learned the cost of being unprepared for a pandemic.
 
If we aren‚Äôt investing with our p‚Ä¶ https://t.co/Wy7HaCEvgn",TweetDeck,84280,8508,2020-12-29 01:45:00
1343939833765519361,Meeting the most daunting threats of our time requires American engagement and leadership ‚Äî but none of them can be‚Ä¶ https://t.co/RUPEIg8fD1,Twitter Media Studio,22937,2835,2020-12-29 15:20:00
1343982615670501376,"One week, Georgia.

Vote early, and let‚Äôs flip the Senate: https://t.co/RIJ1L4juwB https://t.co/pF3Z740HYn",Twitter Media Studio,57060,9226,2020-12-29 18:10:00
1344007781427326977,Leading by example. https://t.co/B4fHm6xUAv,TweetDeck,79847,5262,2020-12-29 19:50:00
1344021093321826305,Tune in as I deliver remarks on the ongoing COVID-19 crisis and what my administration will do to get this virus un‚Ä¶ https://t.co/ryXSvrq2FD,Periscope,18477,2388,2020-12-29 20:42:54
1344068179463700480,"Once in office, I will be asking the American people to wear a mask for the first 100 days of my administration. No‚Ä¶ https://t.co/3vJd349IZe",Twitter Media Studio,73303,7886,2020-12-29 23:50:00
1344093345207832576,"After ten months of the pandemic, we still don‚Äôt have enough testing. It‚Äôs a travesty.

We need to scale up testing‚Ä¶ https://t.co/BVTxYnIjdB",TweetDeck,143953,12707,2020-12-30 01:30:00
1344311583879684097,RT @Transition46: President-elect Biden has nominated @kath_hicks as Deputy Secretary of Defense and @ColinKahl as Under Secretary of Defen‚Ä¶,Twitter Web App,0,1899,2020-12-30 15:57:12
1344322857665490944,"We‚Äôre going to make sure vaccines are free of charge.

And we‚Äôre going to ensure they are distributed equitably, so‚Ä¶ https://t.co/a51aGwJbT2",Twitter Media Studio,39332,4877,2020-12-30 16:42:00
1344332164452790272,RT @KamalaHarris: Getting the COVID-19 vaccine will save your life. I have absolute confidence in our scientists and look forward to gettin‚Ä¶,Twitter Web App,0,3420,2020-12-30 17:18:59
1344366394641563649,"We can save 60,000-100,000 lives in the weeks and months ahead if we step up together.

Wear a mask. Stay socially‚Ä¶ https://t.co/bblNvzyRqu",TweetDeck,95644,12323,2020-12-30 19:35:00
1344424275818786816,"With just over 20 days until Inauguration Day, there‚Äôs never been a better time to stock up on @BidenInaugural gear‚Ä¶ https://t.co/XEGaE3VF8v",TweetDeck,16262,1874,2020-12-30 23:25:00
1344458249731407872,The next few weeks and months are going to be a very tough period for our nation ‚Äî maybe the toughest of the whole‚Ä¶ https://t.co/qVfkXkbRMs,TweetDeck,124595,11833,2020-12-31 01:40:00
1344720522056245255,"Georgia ‚Äî Today is your last chance to vote early ahead of next week‚Äôs Senate runoffs. 

Confirm your polling locat‚Ä¶ https://t.co/qqSqHOCU3z",Twitter Web App,55472,7260,2020-12-31 19:02:10
1344763259602173952,We have less than one week to do everything in our power to help Jon Ossoff and Raphael Warnock win their Senate ru‚Ä¶ https://t.co/01mCU4ur94,TweetDeck,24398,4166,2020-12-31 21:52:00
1344775842455498752,"The challenges we face as a nation will not disappear overnight, but as we look forward to the start of a new year,‚Ä¶ https://t.co/15LEy6sesJ",TweetDeck,112295,11604,2020-12-31 22:42:00
1344836995441426432,"In 2021, we‚Äôre going to build a brighter future. https://t.co/YjzT7aw5zQ",Twitter Media Studio,74992,9210,2021-01-01 02:45:00
1344850758068539393,RT @NYRE: Here is the last interview for President-Elect @JoeBiden and future First Lady @DrBiden in 2020! üá∫üá∏ #RockinEve https://t.co/wcSnl‚Ä¶,Twitter Web App,0,3309,2021-01-01 03:39:41
1344862916194021377,Here‚Äôs to 2021. https://t.co/9HAQOSWgvO,Twitter Media Studio,591170,33949,2021-01-01 04:28:00
1345063487957917696,Let me be clear: The Biden-Harris Administration will spare no effort to make sure people are getting vaccinated. https://t.co/FfppocXufa,TweetDeck,71274,7223,2021-01-01 17:45:00
1345449279964368896,"It‚Äôs the final weekend before the Georgia Senate runoffs, which means we have just a few days left to do everything‚Ä¶ https://t.co/JMuwRAEGr6",TweetDeck,29753,4868,2021-01-02 19:18:00
1345490049727668226,"Mask up, folks.",TweetDeck,851641,70977,2021-01-02 22:00:00
1345542896662032384,"Floyd Little and I were students at Syracuse University together. And over the years, I got to know the man behind‚Ä¶ https://t.co/p6Cyw20clu",Twitter Web App,61842,4589,2021-01-03 01:30:00
1345792290372116480,"Here‚Äôs my promise to you: I‚Äôll be a president for all Americans. Whether you voted for me or not, I‚Äôll wake up ever‚Ä¶ https://t.co/rk2bjhYIRd",TweetDeck,421690,29713,2021-01-03 18:01:00
1345845695702396928,"With just two days to go until the Georgia Senate runoffs, @KamalaHarris is in Savannah firing up folks to get out‚Ä¶ https://t.co/TPpwbxe1Vj",Periscope,33575,4202,2021-01-03 21:33:13
1345896476623265792,The Senate swearing-in ceremony was always one of my favorite parts of the job as Vice President. Congratulations t‚Ä¶ https://t.co/dCuKngXvyp,TweetDeck,128325,9073,2021-01-04 00:55:00
1345936546407583744,RT @Transition46: Statement by President-elect Biden on Nancy Pelosi‚Äôs reelection as Speaker of the House: https://t.co/m6u6BwFlRj,Twitter Web App,0,2336,2021-01-04 03:34:13
1346150340836601857,"Georgia ‚Äî If you haven‚Äôt returned your absentee ballot yet, drop it off at a drop box in your county today.

If you‚Ä¶ https://t.co/fJ3rTcXMgx",Twitter Web App,56879,8686,2021-01-04 17:43:46
1346188400215224321,"One day left, folks. I‚Äôm on my way to Georgia to help send @ReverendWarnock and @Ossoff to the Senate. See you soon, Atlanta!",TweetDeck,194623,15544,2021-01-04 20:15:00
1346199428625965056,"With just one day to go until the Georgia Senate runoffs, I‚Äôm in Atlanta to get out the vote. Tune in. https://t.co/I4MBUj0g3o",Periscope,28556,4258,2021-01-04 20:58:49
1346258109518413825,"The debate over $2,000 isn‚Äôt some abstract debate in Washington. It‚Äôs about real lives.

Hardworking Americans need‚Ä¶ https://t.co/qAQwpuRYrk",Twitter Media Studio,36029,5467,2021-01-05 00:52:00
1346271447346507788,"In America, politicians can‚Äôt assert, take, or seize power.

It has to be given by the American people.

We can‚Äôt e‚Ä¶ https://t.co/ObWXYNTVtK",TweetDeck,235041,26511,2021-01-05 01:45:00
1346286546975014912,I‚Äôm asking you to give everything you‚Äôve got for one more day ‚Äî because that one day can change America.‚Ä¶ https://t.co/8O1LM2Qw5m,Twitter Media Studio,40952,5839,2021-01-05 02:45:00
1346475895955939328,"Go vote, Georgia!

https://t.co/RIJ1L4B5o9",Twitter Web App,145881,15859,2021-01-05 15:17:24
1346509264299282433,"Georgia ‚Äî The nation is looking to you to lead us forward. 

The power is in your hands: https://t.co/RIJ1L4B5o9 https://t.co/BhZ3Mcfozm",Twitter Media Studio,37796,5579,2021-01-05 17:30:00
1346535688733265921,"Georgia ‚Äî If you have any questions today while voting, reach out to the Voter Protection Hotline: 1-888-730-5816",TweetDeck,146001,20081,2021-01-05 19:15:00
1346565887571107840,"Georgia ‚Äî If you elect @ReverendWarnock and @Ossoff, we can break the gridlock that has gripped Washington.

We‚Äôll‚Ä¶ https://t.co/pPE2FXrmVU",Twitter Media Studio,34852,4612,2021-01-05 21:15:00
1346600616408330241,"Georgia voters: If you‚Äôre voting in the county where you‚Äôre registered, you‚Äôre entitled to ask for a provisional ba‚Ä¶ https://t.co/fIHqVYJuPr",TweetDeck,63092,7986,2021-01-05 23:33:00
1346603636168642561,"Stay in line, Georgia. If you‚Äôre in line at your polling place by 7 PM, you can vote.",TweetDeck,294018,20622,2021-01-05 23:45:00
1346643986010808320,"RT @Transition46: Readout of President-elect Biden‚Äôs briefing on COVID-19 response and vaccination strategy: 

https://t.co/epetoF8NyT http‚Ä¶",Twitter Web App,0,2105,2021-01-06 02:25:20
1346891030055022592,I called Reverend Warnock and Jon Ossoff this morning to congratulate them on their hard-fought campaigns. Georgia‚Ä¶ https://t.co/aAvWNFiFBq,Twitter Media Studio,249111,17589,2021-01-06 18:47:00
1346926106264395777,RT @Transition46: President-elect Biden addresses the nation: https://t.co/BXM3SZK25R,Twitter Web App,0,25641,2021-01-06 21:06:23
1346928275470299142,Let me be very clear: the scenes of chaos at the Capitol do not represent who we are. What we are seeing is a small‚Ä¶ https://t.co/MfIJhp0lky,TweetDeck,798247,98118,2021-01-06 21:15:00
1346929533774159876,I call on President Trump to go on national television now to fulfill his oath and defend the Constitution by deman‚Ä¶ https://t.co/0EtvVBfAkX,TweetDeck,1049287,104141,2021-01-06 21:20:00
1346932050746630149,America is so much better than what we‚Äôre seeing today.,TweetDeck,1140814,96735,2021-01-06 21:30:00
1346938341791387651,"Our way is plain: It is the way of democracy ‚Äî of lawfulness, and of respect ‚Äî respect for each other, and for our nation.",TweetDeck,362233,29464,2021-01-06 21:55:00
1346963759156195332,"Through war and strife, America has endured much. And we will endure here and prevail now. https://t.co/OvNOV0ogWG",Twitter Media Studio,127755,14511,2021-01-06 23:36:00
1346985653658116098,"Today is a reminder, a painful one, that democracy is fragile. To preserve it requires people of good will, leaders‚Ä¶ https://t.co/0mJWGvksK4",TweetDeck,651488,69776,2021-01-07 01:03:00
1347195334070579200,"RT @Transition46: This team will work to move us closer to the American ideal of equal justice under law. 

They will work to restore indep‚Ä¶",Twitter Web App,0,3305,2021-01-07 14:56:11
1347200066646376448,"Our nominees for the Justice Department will restore the independence of the Department, so it serves the interests‚Ä¶ https://t.co/I9unVVt0UJ",TweetDeck,92685,9694,2021-01-07 15:15:00
1347253347057733632,It‚Äôs time for a Department of Justice that serves the interests of the people ‚Äî not a presidency. Tune in as I intr‚Ä¶ https://t.co/J0wyesJCJ5,Periscope,62430,6944,2021-01-07 18:46:43
1347276822078218241,"What we witnessed yesterday was not dissent ‚Äî it was disorder. 

They weren‚Äôt protestors ‚Äî they were rioters, insur‚Ä¶ https://t.co/5D3j5ox80f",TweetDeck,314643,42005,2021-01-07 20:20:00
1347287643776667648,Merrick Garland will serve as the Attorney General of the United States ‚Äî not as my personal lawyer.,TweetDeck,611407,36995,2021-01-07 21:03:00
1347298213422747649,No one can tell me that if it had been a group of Black Lives Matter protestors yesterday that they wouldn‚Äôt have b‚Ä¶ https://t.co/wTkIGHwChh,TweetDeck,541243,94111,2021-01-07 21:45:00
1347348666550530051,"RT @Transition46: Our jobs team‚Äôs mission is clear: execute the Build Back Better agenda.

They will work to dig us out from the worst, mos‚Ä¶",Twitter Web App,0,1785,2021-01-08 01:05:29
1347352319726215168,"This team shares my belief that the middle class built this country and that unions built the middle class.

They w‚Ä¶ https://t.co/tBqmA4N4V7",TweetDeck,30091,3055,2021-01-08 01:20:00
1347366160807981056,"For the past four years, President Trump has unleashed an all-out assault on the institutions of our democracy.

Ye‚Ä¶ https://t.co/TDhfSvps7t",Twitter Media Studio,78376,10233,2021-01-08 02:15:00
1347377487374741508,I‚Äôm proud to nominate Judge Merrick Garland for Attorney General of the United States. https://t.co/xBR5PAN2wH,Twitter Media Studio,68043,5197,2021-01-08 03:00:00
1347571667598503937,"We need to restore the honor, the integrity, and the independence of the Department of Justice in this nation ‚Äî and‚Ä¶ https://t.co/S0uSg2zMkk",Twitter Web App,123094,8990,2021-01-08 15:51:36
1347618371135705090,We need to build a new American economy where everyone enjoys a fair return for their work and an equal chance to g‚Ä¶ https://t.co/QIlgMrb358,Periscope,46155,4789,2021-01-08 18:57:11
1347649779921203201,"Ten years ago today, in Tucson, Arizona, six innocent lives were taken away by a senseless and brutal act of violen‚Ä¶ https://t.co/uXkn6ke2db",TweetDeck,138546,10249,2021-01-08 21:02:00
1347665885666938886,.@GabbyGiffords ‚Äî Your perseverance and immeasurable courage continue to inspire me and millions of others. I pledg‚Ä¶ https://t.co/jUF8H0wAbd,Twitter Web App,50419,4634,2021-01-08 22:06:00
1347704641136463872,My administration will get right to work distributing emergency aid swiftly and equitably. Our focus will be on the‚Ä¶ https://t.co/aDt1sO6DNt,Twitter Media Studio,67667,6496,2021-01-09 00:40:00
1347947491300401152,"From the most inequitable economic and jobs crisis in modern history, my jobs team will help us build back better w‚Ä¶ https://t.co/jgzWFwx2OV",Twitter Media Studio,83242,6444,2021-01-09 16:45:00
1348004115121647622,"Our president is not above the law. 

Justice serves the people ‚Äî it doesn‚Äôt protect the powerful.",TweetDeck,900157,88654,2021-01-09 20:30:00
1348064513170567168,The bottom line is we need to provide immediate relief for working families and businesses. Now. https://t.co/syaHTaX3O4,Twitter Media Studio,67729,6605,2021-01-10 00:30:00
1348299813163474944,"In 10 days, we move forward and rebuild ‚Äî together.",TweetDeck,1050655,71667,2021-01-10 16:05:00
1348351402624524288,"I am proud that we have finished naming the members of our Cabinet.
 
It‚Äôs a Cabinet that looks like America and ta‚Ä¶ https://t.co/ceC4USK4Tb",Twitter Media Studio,107780,10552,2021-01-10 19:30:00
1348430675238678528,"$600 is simply not enough when you have to choose between paying rent or putting food on the table.
 
We need $2,000 stimulus checks.",TweetDeck,1016779,114523,2021-01-11 00:45:00
1348464168018567168,RT @Schwarzenegger: My message to my fellow Americans and friends around the world following this week's attack on the Capitol. https://t.c‚Ä¶,Twitter Web App,0,335450,2021-01-11 02:58:05
1348636095458717696,I‚Äôm asking Ambassador Bill Burns to lead the Central Intelligence Agency because he‚Äôs dealt with many of the thorni‚Ä¶ https://t.co/gfz5zp23Bv,Twitter Media Studio,47714,5342,2021-01-11 14:21:16
1348732665005023232,The work of the next four years must be the restoration of democracy and the recovery of respect for the rule of la‚Ä¶ https://t.co/OEhpbkmiuy,TweetDeck,300653,27034,2021-01-11 20:45:00
1348763039160532992,"Folks, I just received the second dose of my COVID-19 vaccine ‚Äî and just like the first dose, it was safe, quick, a‚Ä¶ https://t.co/T6MiwE0M50",Twitter Web App,185670,13450,2021-01-11 22:45:41
1348800612742402048,"Getting America vaccinated will be one of the greatest operational challenges we‚Äôve ever faced, but my administrati‚Ä¶ https://t.co/8UMEgFSNbc",TweetDeck,181168,14341,2021-01-12 01:15:00
1348994390690246657,"I urge every American to:

- Wear a mask
- Stay socially distanced
- Avoid large indoor gatherings

We can save cou‚Ä¶ https://t.co/2zzQXfOqfY",TweetDeck,432481,40340,2021-01-12 14:05:00
1349068634413436929,"It‚Äôs long past time to raise the minimum wage, so hardworking people earn at least $15 an hour. 
 
I hope that Demo‚Ä¶ https://t.co/GjNx8dwly7",TweetDeck,315856,26755,2021-01-12 19:00:01
1349090628790067200,My number one priority is getting people vaccinated as quickly as we can to get our country back on track. https://t.co/JLY1DntIlR,Twitter Media Studio,95338,7884,2021-01-12 20:27:25
1349365858691383299,"RT @Transition46: President-elect Biden has nominated Ambassador Samantha Power as USAID Administrator.

A leading voice for humane and pri‚Ä¶",Twitter Web App,0,3466,2021-01-13 14:41:05
1349375651883724804,Ambassador Samantha Power is a world-renowned voice of conscience and moral clarity‚Äîchallenging and rallying the in‚Ä¶ https://t.co/OyZ8P13yrB,Twitter Media Studio,38384,4216,2021-01-13 15:20:00
1349556594237792256,"Today, in a bipartisan vote, the House voted to impeach and hold President Trump accountable. Now, the process cont‚Ä¶ https://t.co/BReZ8t0gO0",TweetDeck,274600,22638,2021-01-14 03:19:00
1349563892087869442,"We‚Äôre in the teeth of this crisis, and we need to take immediate action to get the virus under control. That‚Äôs why‚Ä¶ https://t.co/ovOtIYGCjV",TweetDeck,77267,8261,2021-01-14 03:48:00
1349849776012087296,"We need to tackle the public health and economic crises we‚Äôre facing head-on. That‚Äôs why today, I‚Äôm announcing my A‚Ä¶ https://t.co/q9mu0UEw3z",TweetDeck,38585,4865,2021-01-14 22:44:00
1349872996920430595,We have no time to waste when it comes to getting this virus under control and building our economy back better. Tu‚Ä¶ https://t.co/jlfTxmv8Tj,Periscope,62928,8240,2021-01-15 00:16:16
1349894571094810626,"Direct cash payments.
Extended unemployment.
Rent relief. 
Food assistance. 
Aid to small businesses.
Keeping essen‚Ä¶ https://t.co/G3OiZzRd0J",TweetDeck,401656,43975,2021-01-15 01:42:00
1350077778310270978,"To Pilar, and the countless other small business owners across the country, know that help is on the way. https://t.co/4mKPjN6rgx",Twitter Media Studio,39772,4630,2021-01-15 13:50:00
1350156296012656647,"My administration will move Heaven and Earth to:

- Allow more people to get vaccinated
- Create more places for th‚Ä¶ https://t.co/yLoRNU2MKF",TweetDeck,199380,18803,2021-01-15 19:02:00
1350202004598095874,"RT @BidenInaugural: 5 days until we make history.

‚ù§Ô∏è or üîÅ this tweet to get reminded when we go live for #Inauguration2021 ‚Äî you won't wan‚Ä¶",Twitter Web App,0,15185,2021-01-15 22:03:38
1350210150481555457,Science will always be at the forefront of my administration ‚Äî and these world-renowned scientists will ensure ever‚Ä¶ https://t.co/sAZVOszzqD,TweetDeck,66094,8517,2021-01-15 22:36:00
1350256455748882434,"We not only have an economic imperative to act now, we have a moral obligation. 
 
In this pandemic, in America, we‚Ä¶ https://t.co/i8Pmbmy1iJ",TweetDeck,158128,15485,2021-01-16 01:40:00
1350480432341520384,Getting America vaccinated will be one of the most challenging operational efforts ever undertaken. But you have my‚Ä¶ https://t.co/mNdZQOlSYc,Twitter Media Studio,62786,6481,2021-01-16 16:30:00
1350515133034819584,Science will be at the forefront of my administration ‚Äî and this group will ensure everything we do is grounded in‚Ä¶ https://t.co/n0Sos0SOdx,Periscope,74503,8856,2021-01-16 18:47:53
1350562220367884289,"To get as many people vaccinated as quickly as possible, we need more clinics across the nation. That‚Äôs why my admi‚Ä¶ https://t.co/nhzPNXNruk",TweetDeck,51227,5912,2021-01-16 21:55:00
1350593782832500737,"The first @BidenInaugural event is here. Tune in as we celebrate America, reflect and honor our history, and highli‚Ä¶ https://t.co/WpJo2Kxdgr",Periscope,34585,5179,2021-01-17 00:00:25
1350634446475694080,"Across the country, approximately 14 million Americans have fallen behind on rent and many may soon be at risk of e‚Ä¶ https://t.co/1oUOomur7s",Twitter Media Studio,50016,6212,2021-01-17 02:42:00
1350817905202630658,"Though pushed, tested, and threatened throughout the 2020 election, our democracy proved to be resilient, true, and‚Ä¶ https://t.co/2JfXVQLQN3",TweetDeck,55577,6055,2021-01-17 14:51:00
1350878051710750725,I know masks have become a partisan issue ‚Äî but it‚Äôs a patriotic act. Experts say wearing a mask from now until Apr‚Ä¶ https://t.co/XHexAioS5U,TweetDeck,658957,67687,2021-01-17 18:50:00
1350926118409289730,"Service is a fitting way to start to heal, unite, and rebuild this country we love.

I hope you‚Äôll join us in honor‚Ä¶ https://t.co/vL0SFZQdOF",Twitter Media Studio,56076,7415,2021-01-17 22:01:00
1350981483062706177,I know @harrisonjaime and the new DNC team are ready to strengthen our party‚Äôs infrastructure and elect Democrats a‚Ä¶ https://t.co/wrOvbcyZSk,Twitter Web App,25051,2924,2021-01-18 01:41:00
1351228360123318272,Our Administration will lead with science and scientists ‚Äî with a CDC and NIH that are free from political influenc‚Ä¶ https://t.co/8I88LBVALq,TweetDeck,174539,18334,2021-01-18 18:02:00
1351265605840633858,"Dr. Martin Luther King, Jr.‚Äôs words remind us that darkness cannot drive out darkness and hate cannot drive out hat‚Ä¶ https://t.co/m3iRNj9Bzt",TweetDeck,267041,29338,2021-01-18 20:30:00
1351333542547001344,"As the National Day of Service comes to a close, we‚Äôre celebrating the legacy of Dr. Martin Luther King, Jr. with a‚Ä¶ https://t.co/OJhFw2PiUE",Periscope,32971,3909,2021-01-19 00:59:57
1351367275094310912,"There‚Äôs no more fitting way to honor the legacy of Dr. Martin Luther King, Jr. than service. Thank you to‚Ä¶ https://t.co/3L1zHkmEzR",Twitter Media Studio,56715,4609,2021-01-19 03:14:00
1351593329054650376,"RT @BidenInaugural: Only ONE day until we can call @JoeBiden and @KamalaHarris President and Vice President

You don‚Äôt want to miss out on‚Ä¶",Twitter Web App,0,20922,2021-01-19 18:12:15
1351599720012021761,I‚Äôm in Delaware for one final event before I head to Washington for tomorrow‚Äôs inauguration. Tune in. https://t.co/YnEMiqhhDE,Periscope,95774,8280,2021-01-19 18:37:39
1351630258114502656,"Next stop: Washington, D.C. https://t.co/oW0C4LQVBf",Twitter Media Studio,599797,46547,2021-01-19 20:39:00
1351653131248041984,"Join us for a national moment of unity and remembrance in honor of the 400,000 Americans we‚Äôve lost due to COVID-19. https://t.co/0BW7AQLxUx",Periscope,76706,9291,2021-01-19 22:09:53
1351711040933830659,We don‚Äôt have a second to waste when it comes to tackling the crises we face as a nation. That‚Äôs why after being sw‚Ä¶ https://t.co/eza8IKs9Pf,TweetDeck,82794,7401,2021-01-20 02:00:00
1351731172989050882,"Tonight, in Washington, D.C. and across the nation, we came together to honor the over 400,000 Americans we‚Äôve lost‚Ä¶ https://t.co/q3gB1RJjvv",Twitter Media Studio,569691,49887,2021-01-20 03:20:00
1351897267666608129,It‚Äôs a new day in America.,TweetDeck,4171501,502130,2021-01-20 14:20:00
1351906918667677696,"Today, we begin anew. Tune in for #Inauguration2021. https://t.co/HxfU8q5riA",Periscope,321640,39020,2021-01-20 14:58:21
1351918910199631872,"I love you, Jilly, and I couldn‚Äôt be more grateful to have you with me on the journey ahead. https://t.co/V4GUXAKSKg",Twitter Media Studio,943511,62702,2021-01-20 15:46:00
1351951465674276869,"Now the real work begins, folks. Follow along at @POTUS as we build back better. https://t.co/fHViqSqwp2",Twitter for iPhone,887099,62168,2021-01-20 17:55:22
1351952354183061504,"RT @POTUS: There is no time to waste when it comes to tackling the crises we face. That's why today, I am heading to the Oval Office to get‚Ä¶",Twitter for iPhone,0,75997,2021-01-20 17:58:53
1352002900000600064,RT @POTUS: The time to move forward is now. https://t.co/IrUUu0bxGO,Twitter for iPhone,0,69719,2021-01-20 21:19:45
1352140112486809601,RT @POTUS: Wearing masks isn't a partisan issue ‚Äî it's a patriotic act that can save countless lives. That's why I signed an executive orde‚Ä¶,Twitter for iPhone,0,41779,2021-01-21 06:24:59
1352140185828425729,"RT @WhiteHouse: We are currently facing four converging crises ‚Äî COVID-19, the resulting economic crisis, climate change, and racial inequi‚Ä¶",Twitter for iPhone,0,7767,2021-01-21 06:25:16
1352328492587728896,"RT @POTUS: We don't have a second to waste when it comes to getting this virus under control. That's why today, I'll be signing executive a‚Ä¶",Twitter for iPhone,0,20172,2021-01-21 18:53:32
1352448968488144897,"RT @POTUS: I give you my word: I will always level with you.

I will defend the Constitution, our democracy, and America.

And I will give‚Ä¶",Twitter for iPhone,0,12720,2021-01-22 02:52:16
1352448983839297536,RT @POTUS: We will get this virus under control. https://t.co/59iC1nyR0N,Twitter for iPhone,0,7162,2021-01-22 02:52:19
1352797369352417280,RT @POTUS: I‚Äôm grateful for the Senate‚Äôs continued bipartisanship and swift confirmation of Lloyd Austin. His confirmation is historic ‚Äî an‚Ä¶,Twitter for iPhone,0,5961,2021-01-23 01:56:41
1352797375497048064,"RT @POTUS: As we mark the 48th anniversary of Roe v. Wade, now is the time to rededicate ourselves to the work ahead. From codifying Roe to‚Ä¶",Twitter for iPhone,0,11552,2021-01-23 01:56:42
1352797424041922560,"RT @POTUS: This afternoon, I‚Äôll be taking action to provide much-needed relief to communities and small businesses impacted by COVID-19. Tu‚Ä¶",Twitter for iPhone,0,5869,2021-01-23 01:56:54
1352797437795029000,"RT @POTUS: I know times are tough, but help is on the way. https://t.co/BVi3b6NoBv",Twitter for iPhone,0,8683,2021-01-23 01:56:57
1352797482435055618,RT @POTUS: Federal employees have dedicated their careers to serving the American people ‚Äî and they are worthy of the utmost dignity and re‚Ä¶,Twitter for iPhone,0,14904,2021-01-23 01:57:08
1353173113417076736,"RT @POTUS: We will get through this, together. https://t.co/W03wlb2m8o",Twitter for iPhone,0,11003,2021-01-24 02:49:45
1353173127673520128,"RT @POTUS: We‚Äôre facing a historic moment in our nation‚Äôs history ‚Äî one that requires bold and swift action. That‚Äôs why this week, I took h‚Ä¶",Twitter for iPhone,0,14522,2021-01-24 02:49:49
1354501085478625281,"RT @POTUS: This afternoon, I‚Äôll be taking action to meet the climate crisis with the urgency it demands. Tune in. https://t.co/TaCmltDZ6X",Twitter for iPhone,0,6964,2021-01-27 18:46:38
1355682622698086401,"RT @POTUS: Over the last 10 days, I‚Äôve taken action on:

- COVID-19
- The economy
- Climate change
- Racial equity
- Immigration
- Health c‚Ä¶",Twitter Web App,0,31796,2021-01-31 01:01:39
1356031620986392578,"RT @POTUS: In order to get America vaccinated, we need more:

- Places for people to get vaccinated
- Medical teams to get shots into arms‚Ä¶",Twitter Web App,0,13438,2021-02-01 00:08:26
1356433882254630913,"RT @POTUS: We‚Äôve never fully lived up to the founding principles of this nation, but our Administration is committed to finishing the work‚Ä¶",Twitter for iPhone,0,14226,2021-02-02 02:46:53
1356682004130062339,RT @POTUS: It‚Äôs long past time we raise the minimum wage to $15 an hour. The American Rescue Plan will get it done.,Twitter Web App,0,23509,2021-02-02 19:12:50
1356962956647538688,RT @POTUS: No one should lose their home in the middle of this pandemic. My American Rescue Plan will extend the moratorium on evictions an‚Ä¶,Twitter Web App,0,14139,2021-02-03 13:49:14
1357052766720557066,RT @POTUS: Officer Brian Sicknick was a hero who died in the line of duty defending our democracy and the citadel of liberty itself. To his‚Ä¶,Twitter for iPhone,0,12423,2021-02-03 19:46:07
1357119042327359488,RT @POTUS: Let me be clear: The risk in this moment isn‚Äôt that we do too much ‚Äî it‚Äôs that we don‚Äôt do enough. Congress must pass the Americ‚Ä¶,Twitter Web App,0,20235,2021-02-04 00:09:28
1357376416380256258,RT @POTUS: Extending the moratorium on evictions and foreclosures to help countless Americans keep a roof over their head ‚Äî that‚Äôs the Amer‚Ä¶,Twitter Web App,0,6249,2021-02-04 17:12:11
1357414638510616579,"RT @POTUS: This afternoon, I‚Äôm visiting the @StateDept and delivering remarks on America‚Äôs role in the world. Tune in. https://t.co/zWG3UET‚Ä¶",Twitter for iPhone,0,4020,2021-02-04 19:44:04
1357773974550306818,RT @POTUS: America is back. Diplomacy is back. https://t.co/03dFPQyYjw,Twitter Web App,0,10503,2021-02-05 19:31:56
1357840281069113355,"RT @POTUS: This morning, I met with House Democratic leaders to discuss the American Rescue Plan. As I said during the meeting: this isn‚Äôt‚Ä¶",Twitter for iPhone,0,7118,2021-02-05 23:55:25
1358084646685319170,"RT @POTUS: Last year, Michele lost her job because of the pandemic. I recently gave her a call to hear her story and discuss how my America‚Ä¶",Twitter for iPhone,0,8729,2021-02-06 16:06:26
1358465618501136384,RT @POTUS: Everyone who wants a vaccine should be able to get one free of charge. The American Rescue Plan will make that a reality.,Twitter for iPhone,0,16457,2021-02-07 17:20:17
1358538143318880258,"RT @POTUS: For your family, for your neighbors, for your country ‚Äî wear a mask.",Twitter for iPhone,0,35365,2021-02-07 22:08:28
1358781635240599554,RT @POTUS: We don‚Äôt have a second to waste when it comes to delivering the American people the relief they desperately need. I‚Äôm calling on‚Ä¶,Twitter for iPhone,0,12921,2021-02-08 14:16:01
1358851337522470914,RT @POTUS: Making vaccines free and accessible for every American ‚Äî that‚Äôs the American Rescue Plan. https://t.co/5GpH0VYWIE,Twitter Web App,0,12065,2021-02-08 18:52:59
1359158951129079814,RT @POTUS: Launching a national vaccination program to quickly and equitably vaccinate America ‚Äî that‚Äôs the American Rescue Plan. https://t‚Ä¶,Twitter for iPhone,0,6418,2021-02-09 15:15:20
1359204195430264835,"RT @POTUS: There‚Äôs so much more work to be done, but we‚Äôve been able to increase vaccine distribution by 28% in the first three weeks alone‚Ä¶",Twitter Web App,0,6837,2021-02-09 18:15:07
1359285829525508100,RT @POTUS: We can‚Äôt stand by as millions of Americans struggle to put food on the table. Congress needs to immediately pass the American Re‚Ä¶,Twitter Web App,0,8074,2021-02-09 23:39:30
1359519481509404675,RT @POTUS: Let me be clear: No one should lose their home in the middle of this pandemic. Congress needs to pass the American Rescue Plan t‚Ä¶,Twitter for iPhone,0,8534,2021-02-10 15:07:57
1359655813388906499,"RT @POTUS: The risk isn't that we do too much when it comes to a COVID relief package ‚Äî it's that we don't do enough.

We have to go big.",Twitter for iPhone,0,16422,2021-02-11 00:09:41
1359883357673373699,"RT @POTUS: We can reduce suffering in this country, put people back to work, and gain control of this virus.

That‚Äôs what the American Resc‚Ä¶",Twitter Web App,0,6962,2021-02-11 15:13:52
1359974510099841024,RT @POTUS: No child should grow up in poverty. The American Rescue Plan will expand the child tax credit and cut the child poverty rate in‚Ä¶,Twitter for iPhone,0,6902,2021-02-11 21:16:04
1360247194260021250,"RT @POTUS: I see enormous pain in this country. A lot of folks are out of work. A lot of folks are going hungry, staring at the ceiling at‚Ä¶",Twitter Web App,0,5503,2021-02-12 15:19:37
1360273387495575553,"RT @POTUS: From the Biden family to yours, happy #LunarNewYear. We wish you happiness, health, and prosperity in the Year of the Ox. https:‚Ä¶",Twitter for iPhone,0,12458,2021-02-12 17:03:42
1360386238885330950,RT @POTUS: I know the last year has been difficult and painful for all of us. I hope Jill‚Äôs Valentine‚Äôs Day message helped brighten your da‚Ä¶,Twitter for iPhone,0,17102,2021-02-13 00:32:08
1360606281065709572,"RT @POTUS: Samir and Neal own NaanStop in Atlanta, Georgia ‚Äî and like many small businesses around the country, they‚Äôve been hit hard by th‚Ä¶",Twitter Web App,0,5406,2021-02-13 15:06:30
1361083747425259520,"RT @POTUS: Three years ago today, a lone gunman took the lives of 14 students and three educators in Parkland, Florida. In seconds, the liv‚Ä¶",Twitter for iPhone,0,11517,2021-02-14 22:43:47
1361089537615790080,"RT @POTUS: The love of my life and the life of my love. Happy Valentine‚Äôs Day, Jilly. https://t.co/LjLLIjvP1C",Twitter for iPhone,0,22028,2021-02-14 23:06:48
1361678051931783169,"RT @POTUS: Before I took office, I set a big goal of administering 100 million shots in the first 100 days. With the progress we‚Äôre making‚Ä¶",Twitter for iPhone,0,21356,2021-02-16 14:05:20
1361808977030447107,"RT @POTUS: Starting this week, our Administration is:

- Increasing weekly vaccine shipments to states to 13.5 million doses ‚Äî a 57% increa‚Ä¶",Twitter Web App,0,10837,2021-02-16 22:45:35
1361844037070815236,"RT @POTUS: Tonight, I‚Äôll be answering questions at my first town hall since taking office. Make sure to tune in to CNN at 9 PM ET / 8 PM CT‚Ä¶",Twitter Web App,0,4170,2021-02-17 01:04:54
1362043415039508484,"RT @POTUS: I know COVID-19 can be scary, but I want every kid out there to know things are going to be okay. https://t.co/wZIxHeNAFa",Twitter Web App,0,5763,2021-02-17 14:17:10
1362162884894216197,RT @WhiteHouse: The Biden-Harris Administration opened a special enrollment period to ensure every American has the opportunity to sign up‚Ä¶,Twitter Web App,0,2082,2021-02-17 22:11:54
1362428872541757444,"RT @POTUS: Today I announced our Administration will:

- Expand COVID-19 testing for schools and underserved communities
- Increase manufac‚Ä¶",Twitter Web App,0,5815,2021-02-18 15:48:50
1362458455727091712,"RT @POTUS: Jill and I are keeping Texas, Oklahoma, and other impacted states in our prayers. I‚Äôve declared states of emergency, authorized‚Ä¶",Twitter Web App,0,21542,2021-02-18 17:46:23
1362512768151257092,"RT @WhiteHouse: Texas ‚Äî If you‚Äôre without heat, head to https://t.co/5WhFEK6B8u to find a warming shelter near you or call 211 for addition‚Ä¶",Twitter Web App,0,11014,2021-02-18 21:22:12
1362808901079597057,"RT @POTUS: The Equality Act provides long overdue federal civil rights protections for LGBTQ+ Americans, preventing discrimination in our h‚Ä¶",Twitter for iPhone,0,9905,2021-02-19 16:58:56
1362834564356440066,"RT @POTUS: Today, America is officially back in the Paris Climate Agreement. Let‚Äôs get to work.",Twitter for iPhone,0,34553,2021-02-19 18:40:55
1363148404503773190,"RT @POTUS: On Thursday, I joined the world and watched in awe as the Perseverance Rover touched down on the surface of Mars. It was a remar‚Ä¶",Twitter for iPhone,0,6845,2021-02-20 15:28:00
1363238705897611268,"RT @POTUS: The federal government has sent generators, blankets, water, and other critical supplies to Texas, but local organizations on th‚Ä¶",Twitter for iPhone,0,8506,2021-02-20 21:26:49
1363526815457886216,RT @POTUS: Overcoming the COVID-19 pandemic needs to be our top priority as a nation. I joined members of my team to talk about our plan to‚Ä¶,Twitter Web App,0,5168,2021-02-21 16:31:40
1363604921975791620,"RT @POTUS: Today would have been Congressman John Lewis‚Äô 81st birthday. While my dear friend may no longer be with us, his life and legacy‚Ä¶",Twitter for iPhone,0,14514,2021-02-21 21:42:02
1363864878059028487,"RT @POTUS: If there‚Äôs one message I want to cut through to everyone in this country, it‚Äôs this: The vaccines are safe.

For yourself, your‚Ä¶",Twitter Web App,0,16531,2021-02-22 14:55:00
1363958394772725762,"RT @POTUS: I know folks have a lot of questions about COVID-19 mutations, our vaccination progress, and much more. @CDCDirector Dr. Walensk‚Ä¶",Twitter for iPhone,0,2990,2021-02-22 21:06:37
1364015563798958080,"RT @POTUS: 500,000 lives lost to COVID-19. It‚Äôs an unfathomable number, but each one represents a family that will never again be whole. To‚Ä¶",Twitter for iPhone,0,13650,2021-02-23 00:53:47
1364230807091613700,"RT @POTUS: We will get through this, I promise you. https://t.co/dtmi4C9WsM",Twitter for iPhone,0,6752,2021-02-23 15:09:05
1364258039361114113,RT @JoeBiden: We need a president who is respected on the world stage. https://t.co/Hqv6T06Mtv,Twitter Web App,0,4015,2021-02-23 16:57:17
1364607509932220425,"RT @POTUS: Small businesses need relief, but many were muscled out of the way by big companies last year. That‚Äôs why starting today, we‚Äôre‚Ä¶",Twitter Web App,0,4460,2021-02-24 16:05:58
1364697232226856968,"RT @POTUS: When I met with Prime Minister @JustinTrudeau in 2016, I said the world needed more leaders like him. A lot has changed since th‚Ä¶",Twitter Web App,0,6236,2021-02-24 22:02:29
1364728505586581512,"RT @WhiteHouse: On Friday, President Biden toured a Pfizer manufacturing plant in Michigan to see the vaccine production process firsthand‚Ä¶",Twitter for iPhone,0,1639,2021-02-25 00:06:45
1365053059496296453,RT @POTUS: I am pleased that the House will vote next week on the George Floyd Justice in Policing Act. I encourage the House to pass it. F‚Ä¶,Twitter for iPhone,0,11022,2021-02-25 21:36:25
1365117152760639495,"RT @POTUS: Transgender rights are human rights ‚Äî and the House made that clear today by passing the Equality Act. 

Now it's time for the S‚Ä¶",Twitter Web App,0,21953,2021-02-26 01:51:06
1365321032626802698,"RT @POTUS: COVID-19 vaccinations are up and cases and hospitalizations are down, but let me be clear: now is not the time to relax. https:/‚Ä¶",Twitter Web App,0,4944,2021-02-26 15:21:15
1365418153220730883,"RT @POTUS: The week before I took office, 6 million COVID-19 vaccine shots were administered.

This coming week, our Administration will li‚Ä¶",Twitter Web App,0,8874,2021-02-26 21:47:10
1365686069149241346,RT @WhiteHouse: Erica is a nurse in New York City and runs COVID-19 testing at one of the hardest-hit hospitals in the country. President B‚Ä¶,Twitter Web App,0,2105,2021-02-27 15:31:46
1365839504280612864,"RT @POTUS: Yesterday I traveled to Texas to visit an emergency operations center, food bank, and vaccination site. Each stop represented ou‚Ä¶",Twitter for iPhone,0,7681,2021-02-28 01:41:28
1366095927791001601,"RT @POTUS: The more people that get vaccinated, the faster we will beat this pandemic. That‚Äôs why one of my first goals is to administer 10‚Ä¶",Twitter for iPhone,0,13076,2021-02-28 18:40:24
1366417985649442821,"A campaign for everyone who‚Äôs been knocked down or counted out.

A campaign that brought Americans together of ever‚Ä¶ https://t.co/HYHWyMIiVQ",Twitter Web App,36156,3499,2021-03-01 16:00:09
1366478587122110466,RT @POTUS: No child in America should go hungry. The American Rescue Plan will extend and invest in critical food programs to help ensure e‚Ä¶,Twitter Web App,0,3805,2021-03-01 20:00:57
1366586334257807367,"RT @POTUS: Wash your hands.
Stay socially distanced.
Wear a mask.
Get vaccinated when it‚Äôs your turn.

Despite our progress, we can‚Äôt let o‚Ä¶",Twitter for iPhone,0,14877,2021-03-02 03:09:06
1366819696515964930,"RT @POTUS: The fact is that $600 is not enough. The Senate needs to pass the American Rescue Plan and finish the job of delivering $2,000 i‚Ä¶",Twitter for iPhone,0,10447,2021-03-02 18:36:24
1366867642783576078,"RT @POTUS: Today, I am directing every state to prioritize educators for vaccination. We want every educator, school staff member, and chil‚Ä¶",Twitter for iPhone,0,16571,2021-03-02 21:46:55
1366874583001927680,"RT @WhiteHouse: Today, President Biden announced a breakthrough collaboration between Johnson &amp; Johnson, Merck, and the federal government‚Ä¶",Twitter Web App,0,6205,2021-03-02 22:14:30
1367123450528202760,RT @POTUS: An educator is leading the Department of Education once again. I look forward to working with @SecCardona to safely reopen our n‚Ä¶,Twitter for iPhone,0,3602,2021-03-03 14:43:25
1367230331187650563,"RT @WhiteHouse: In the two weeks since the Biden-Harris Administration opened a special enrollment period for health insurance, over 200,00‚Ä¶",Twitter Web App,0,2687,2021-03-03 21:48:07
1367563517247827968,"RT @POTUS: The right to vote is sacred and fundamental ‚Äî and H.R. 1 is urgently needed to protect that right, to safeguard the integrity of‚Ä¶",Twitter for iPhone,0,11405,2021-03-04 19:52:05
1367929419038351360,"RT @POTUS: With the Johnson &amp; Johnson vaccine, we now have a third safe and effective COVID-19 vaccine being administered across the countr‚Ä¶",Twitter Web App,0,3014,2021-03-05 20:06:03
1368244150223667203,"RT @WhiteHouse: Tammy is a health care professional and single mother of four children ‚Äî and like countless other Americans, she‚Äôs struggli‚Ä¶",Twitter for iPhone,0,1482,2021-03-06 16:56:40
1368288435384049677,"RT @POTUS: When I took office, I promised help was on the way. Thanks to @SenSchumer and Senate Democrats, we've taken one more giant step‚Ä¶",Twitter for iPhone,0,10259,2021-03-06 19:52:39
1368605658900271108,"RT @POTUS: The legacy of Selma is that while nothing can stop free people from exercising their most sacred power as citizens, there are th‚Ä¶",Twitter for iPhone,0,6508,2021-03-07 16:53:11
1368948449182425091,"RT @WhiteHouse: Last week, the Biden-Harris Administration: 

- Began administering the single-dose Johnson &amp; Johnson vaccine
- Secured eno‚Ä¶",Twitter Web App,0,3606,2021-03-08 15:35:18
1369050036336726018,"RT @VP: On this #InternationalWomensDay, I want to honor the women who for over a year have gone to work, often risking their health, to no‚Ä¶",Twitter Web App,0,7916,2021-03-08 22:18:59
1369356116795285511,RT @POTUS: I believe every worker deserves a free and fair choice to join a union ‚Äî and the PRO Act will bring us closer to that reality. I‚Ä¶,Twitter Web App,0,7437,2021-03-09 18:35:14
1369400644382101510,RT @POTUS: I want every child to know that this is what vice presidents and generals in the United States Armed Forces look like. https://t‚Ä¶,Twitter Web App,0,30695,2021-03-09 21:32:10
1369666671380692994,"RT @POTUS: Keep the faith, folks. We will get through this. https://t.co/AMlyu4pU6M",Twitter Web App,0,5407,2021-03-10 15:09:16
1369739522263617539,RT @POTUS: Help is here. https://t.co/urZCiigeS1,Twitter Web App,0,9758,2021-03-10 19:58:45
1369749317628661760,"RT @WhiteHouse: From $1,400 checks and unemployment relief to vaccines for every American ‚Äî help is here. https://t.co/R0AYaTbkTV",Twitter Web App,0,3220,2021-03-10 20:37:40
1370129856600670208,"RT @POTUS: Before I took office, I promised you that help was on the way. Today, I signed the American Rescue Plan into law, and can offici‚Ä¶",Twitter Web App,0,12474,2021-03-11 21:49:48
1370184833226399744,RT @POTUS: All adult Americans will be eligible to get the vaccine no later than May 1.,Twitter Web App,0,26913,2021-03-12 01:28:15
1370411955173912576,"85% of American households will get direct checks from the American Rescue Plan.

For so many Americans, that means‚Ä¶ https://t.co/odfB4ZMzC4",Twitter Web App,154382,15459,2021-03-12 16:30:45
1370458121773195271,"RT @POTUS: This afternoon, I‚Äôm joining Vice President Harris and members of Congress to celebrate the passage of the American Rescue Plan.‚Ä¶",Twitter Web App,0,3283,2021-03-12 19:34:12
1370792386280972289,"The American Rescue Plan means a $7,000 check for a single mom of four. It means more support to safely and quickly‚Ä¶ https://t.co/Shycal3Q2r",Twitter Web App,131474,11825,2021-03-13 17:42:27
1370836807454224386,RT @POTUS: To everyone out there who‚Äôs hurting or struggling to get by: help is here. https://t.co/fkME0yMmBK,Twitter for iPhone,0,4190,2021-03-13 20:38:58
1371117123859316736,"It matters whether you continue to wear a mask.  
It matters whether you continue to socially distance.  
It matter‚Ä¶ https://t.co/oH3PZ5RJ3l",Twitter Web App,243272,31982,2021-03-14 15:12:51
1371240669684060169,RT @WhiteHouse: The Biden-Harris Administration has been working around the clock to get America vaccinated. We‚Äôve doubled daily vaccinatio‚Ä¶,Twitter for iPhone,0,3549,2021-03-14 23:23:46
1371512914033643525,"RT @POTUS: Last week, I signed the American Rescue Plan into law and direct payments have begun going out to folks across the country. I kn‚Ä¶",Twitter Web App,0,3370,2021-03-15 17:25:34
1371577234968952837,"RT @WHCOVIDResponse: Over the weekend, we administered nearly 6 million doses of the COVID-19 vaccine. 

Today, for the first time on a Mon‚Ä¶",Twitter for iPhone,0,1667,2021-03-15 21:41:10
1371857703878942728,RT @POTUS: That‚Äôs the American Rescue Plan. https://t.co/7pE89mi4C6,Twitter Web App,0,3598,2021-03-16 16:15:39
1371930690556661765,"RT @WhiteHouse: Across the country, millions of small businesses are struggling to keep their doors open. Here‚Äôs a breakdown of how the Ame‚Ä¶",Twitter for iPhone,0,1990,2021-03-16 21:05:40
1372357223033241606,"RT @POTUS: Jill and I are keeping everyone impacted by the shootings in Atlanta in our prayers. We don‚Äôt yet know the motive, but what we d‚Ä¶",Twitter for iPhone,0,11401,2021-03-18 01:20:33
1372639205394944002,"RT @POTUS: In honor of the victims of the senseless shootings in Atlanta, I‚Äôve ordered the flag of the United States to be flown at half-st‚Ä¶",Twitter for iPhone,0,7475,2021-03-18 20:01:03
1372720000159584257,"RT @WhiteHouse: Big News: President Biden announced that tomorrow, our Administration will hit 100 million COVID-19 shots administered. 

T‚Ä¶",Twitter for iPhone,0,6238,2021-03-19 01:22:06
1372993067284856834,"RT @POTUS: This afternoon, Vice President Harris and I are meeting with Asian American leaders in Atlanta, Georgia. We‚Äôre going to discuss‚Ä¶",Twitter for iPhone,0,7546,2021-03-19 19:27:10
1373044970135957506,"RT @POTUS: Words have consequences. 

It‚Äôs called the coronavirus.

Full stop.",Twitter for iPhone,0,23630,2021-03-19 22:53:25
1373285260667019266,"RT @POTUS: Like countless people across the country, Jocelyn and her family are struggling to make ends meet. I gave her a call to discuss‚Ä¶",Twitter for iPhone,0,3687,2021-03-20 14:48:15
1373643910451503111,"RT @WhiteHouse: Before President Biden took office, the U.S. was administering an average of 900,000 COVID-19 vaccine doses a day.

Last we‚Ä¶",Twitter for iPhone,0,4024,2021-03-21 14:33:23
1373780456034988032,"RT @POTUS: Mask up, America. https://t.co/6yaUHYmzWC",Twitter for iPhone,0,19548,2021-03-21 23:35:58
1374059403108827137,"RT @POTUS: Under the American Rescue Plan, the typical family of four is getting a $5,600 check. That money helps folks keep a roof over th‚Ä¶",Twitter for iPhone,0,7717,2021-03-22 18:04:25
1374105995023159297,RT @WhiteHouse: Big news: The Biden-Harris Administration set a new record this weekend with 6 million shots reported administered. We‚Äôre r‚Ä¶,Twitter for iPhone,0,3998,2021-03-22 21:09:33
1374414080694358016,RT @POTUS: Jill and I are devastated for the lives that have been shattered by gun violence in Colorado. Less than a week after the horrifi‚Ä¶,Twitter for iPhone,0,5174,2021-03-23 17:33:46
1374524524931207168,"RT @WhiteHouse: President Biden believes every single American deserves access to quality, affordable health care. Here‚Äôs a breakdown of ho‚Ä¶",Twitter for iPhone,0,3111,2021-03-24 00:52:38
1374761947913146374,"RT @WHCOVIDResponse: In total, 84 million people -- about 1 in 3 adults -- have received at least one dose of the vaccine and more than 45‚Ä¶",Twitter for iPhone,0,1802,2021-03-24 16:36:04
1375137400033144832,"RT @POTUS: This afternoon, I‚Äôm holding my first formal press conference as president. Tune in. https://t.co/dvl1RAtOjr",Twitter for iPhone,0,2614,2021-03-25 17:27:59
1375192104469663750,"RT @POTUS: Before I took office, I set a big goal of 100 million shots in my first 100 days.
 
We hit the goal on day 58.
 
Now, I‚Äôm settin‚Ä¶",Twitter for iPhone,0,10110,2021-03-25 21:05:22
1375511738443984896,"RT @POTUS: I ran for president for three reasons: to restore the soul of the nation, rebuild the middle class, and unite the country. https‚Ä¶",Twitter for iPhone,0,5100,2021-03-26 18:15:28
1375551858807341057,"RT @POTUS: As we recall the Passover story of overcoming adversity, finding hope, and becoming free, we find a renewed salience. This weeke‚Ä¶",Twitter for iPhone,0,3451,2021-03-26 20:54:54
1375862625997893634,"RT @WhiteHouse: Megan Rapinoe, Margaret Purce, and countless others have been leading the fight for pay equality. This week, the President‚Ä¶",Twitter for iPhone,0,2375,2021-03-27 17:29:46
1376227712533155845,"RT @POTUS: Two weeks ago, I directed all states, tribes, and territories to make all adult Americans eligible for the vaccine no later than‚Ä¶",Twitter for iPhone,0,6595,2021-03-28 17:40:30
1376602924097343494,RT @POTUS: Vice President Harris and I just wrapped up a COVID-19 briefing. Tune in as I give an update on our response to the virus and th‚Ä¶,Twitter for iPhone,0,1730,2021-03-29 18:31:27
1376636582866923526,"RT @POTUS: I‚Äôm proud to announce that three weeks from today, 90% of adults will be eligible to get vaccinated ‚Äî and 90% of Americans will‚Ä¶",Twitter for iPhone,0,20579,2021-03-29 20:45:12
1376934713617756163,RT @POTUS: We can‚Äôt be silent in the face of rising violence against Asian Americans. That‚Äôs why today I‚Äôm taking additional steps to respo‚Ä¶,Twitter for iPhone,0,10860,2021-03-30 16:29:52
1377361641491300354,"Millions of Americans lost their jobs last year.

Here‚Äôs the truth: We all do better when we all do well. It‚Äôs time‚Ä¶ https://t.co/9hnlXRaIB7",Twitter Web App,46264,5423,2021-03-31 20:46:20
1377363181387980800,"The American Jobs Plan is a once-in-a-generation investment in America. It will:
‚úÖModernize 20,000 miles of highway‚Ä¶ https://t.co/tfpjNM51O0",Twitter Web App,25462,4089,2021-03-31 20:52:27
1377367815120957445,Delivering for the American people is what the American Rescue Plan was about. It‚Äôs what the American Jobs Plan is‚Ä¶ https://t.co/qZCSlOU6gw,Twitter Web App,19155,2240,2021-03-31 21:10:52
1377385089340829700,"Wall Street didn‚Äôt build this country‚Äîthe great American middle class did. This time, when we rebuild the middle cl‚Ä¶ https://t.co/Zi3Puap7jI",Twitter Web App,107483,11353,2021-03-31 22:19:30
1377414548097880068,"Under the American Jobs Plan, 100% of our nation‚Äôs lead pipes and service lines will be replaced‚Äîso every child in‚Ä¶ https://t.co/OSBaolqeyN",Twitter Web App,54385,7036,2021-04-01 00:16:34
1377434193827860480,The American Jobs Plan is the largest American jobs investment since World War II.,Twitter Web App,105403,9899,2021-04-01 01:34:37
1377727948543963145,RT @POTUS: The American Jobs Plan will ensure every American can turn on the faucet or fountain and drink clean water. https://t.co/V1WT3Tk‚Ä¶,Twitter for iPhone,0,3234,2021-04-01 21:01:54
1378358923237994496,"RT @POTUS: This week, I announced the American Jobs Plan, which will invest in our infrastructure and strengthen America‚Äôs competitiveness‚Ä¶",Twitter for iPhone,0,4064,2021-04-03 14:49:10
1378718350617022471,"RT @POTUS: From our family to yours, we wish you health, hope, joy, and peace. Happy Easter, everyone! https://t.co/3NHPrbFCVt",Twitter for iPhone,0,11461,2021-04-04 14:37:24
1379175862445223936,RT @POTUS: Here‚Äôs the deal: Wall Street didn‚Äôt build this country ‚Äî the great American middle class did. It‚Äôs time we rebuild the middle cl‚Ä¶,Twitter for iPhone,0,14772,2021-04-05 20:55:24
1379527249314086920,RT @POTUS: My Administration is working to get America vaccinated as quickly as possible. Tune in as I provide an update on our progress an‚Ä¶,Twitter for iPhone,0,1486,2021-04-06 20:11:41
1379543174310428676,"RT @POTUS: I‚Äôm proud to share that yesterday, we crossed 150 million shots in just 75 days of my Administration ‚Äî on our way to hitting our‚Ä¶",Twitter for iPhone,0,10617,2021-04-06 21:14:58
1379904346666770433,RT @WhiteHouse: Clean drinking water is infrastructure. The American Jobs Plan will improve our water infrastructure by replacing 100% of t‚Ä¶,Twitter for iPhone,0,4542,2021-04-07 21:10:08
1380188766954983426,"RT @POTUS: Today, I‚Äôm joining Vice President Harris and Attorney General Garland to announce new actions to reduce gun violence. Tune in. h‚Ä¶",Twitter for iPhone,0,3862,2021-04-08 16:00:19
1380277797902487555,"RT @POTUS: My Administration is taking initial steps to reduce gun violence, including:

- Stopping the proliferation of ghost guns
- Regul‚Ä¶",Twitter for iPhone,0,5819,2021-04-08 21:54:05
1380585611841667072,RT @WHCOVIDResponse: More than 112 million Americans have received at least one dose and more than 66 million adult Americans are now fully‚Ä¶,Twitter for iPhone,0,1504,2021-04-09 18:17:14
1381027031014633474,RT @POTUS: Gun violence in this country is an epidemic ‚Äî and it‚Äôs long past time Congress take action.,Twitter for iPhone,0,15804,2021-04-10 23:31:17
1381758062860587009,"RT @POTUS: Today I‚Äôm thinking about Daunte Wright and his family ‚Äî and the pain, anger, and trauma that Black America experiences every day‚Ä¶",Twitter for iPhone,0,13972,2021-04-12 23:56:08
1382061069024305152,"RT @POTUS: Race should never determine health outcomes ‚Äî and pregnancy and childbirth should be safe for all. But for too many Black women,‚Ä¶",Sprout Social,0,2882,2021-04-13 20:00:10
1382076868363444225,"RT @POTUS: ‚ÄúWhen the will defies fear, when duty throws the gauntlet down to fate, when honor scorns to compromise with death ‚Äî that is her‚Ä¶",Sprout Social,0,3176,2021-04-13 21:02:57
1382129231291936770,"RT @POTUS: Today, the FDA and CDC recommended a pause in the use of the Johnson &amp; Johnson vaccine. Here‚Äôs what you need to know: https://t.‚Ä¶",Sprout Social,0,3491,2021-04-14 00:31:02
1382381317279604736,RT @WHCOVIDResponse: We continue to make progress in our work to vaccinate as many adults in this country as we can. Our current 7-day dail‚Ä¶,Twitter Web App,0,851,2021-04-14 17:12:44
1382407002794700801,"RT @POTUS: It is time to end America‚Äôs longest war. 

It is time for American troops to come home from Afghanistan.",Twitter Web App,0,12946,2021-04-14 18:54:48
1383116985630875652,RT @POTUS: I‚Äôm looking forward to welcoming my friend Prime Minister Suga to the White House this afternoon for the first foreign leader vi‚Ä¶,Twitter for iPhone,0,4046,2021-04-16 17:56:01
1383171354778873859,RT @POTUS: Vice President Harris and I have been briefed on the mass shooting at a FedEx facility in Indianapolis. God bless the eight indi‚Ä¶,Twitter Web App,0,6614,2021-04-16 21:32:03
1383781759557410822,"RT @POTUS: Imagine a future where we lead the world and tackle the threat of climate change with American jobs and ingenuity.

We can make‚Ä¶",Twitter for iPhone,0,5230,2021-04-18 13:57:35
1384243762289811457,"Today, every adult is eligible to get a COVID-19 vaccine. Better days are ahead.",Twitter Web App,191405,17462,2021-04-19 20:33:25
1384560761746477062,"If we act now on the American Jobs Plan, in 50 years, people will look back and say this was the moment that Americ‚Ä¶ https://t.co/ME2bnP9xOm",Twitter Web App,20015,2689,2021-04-20 17:33:04
1384645067672104961,RT @WhiteHouse: Live: President Biden and Vice President Harris address the nation on the verdict in the trial of Derek Chauvin. https://t.‚Ä¶,Twitter Web App,0,2046,2021-04-20 23:08:04
1384648033024020485,"RT @POTUS: Today, a jury in Minnesota found former Minneapolis Police Officer Derek Chauvin guilty of murdering George Floyd.
 
The verdict‚Ä¶",Twitter Web App,0,8566,2021-04-20 23:19:51
1384907441264025604,"RT @POTUS: The guilty verdict does not bring back George Floyd. But through the family‚Äôs pain, they are finding purpose so George‚Äôs legacy‚Ä¶",Twitter Web App,0,3892,2021-04-21 16:30:38
1385281546932916224,RT @POTUS: America is back. We rejoined the Paris Agreement and are ready to rally the world to tackle the climate crisis. Let‚Äôs do this.,Twitter Web App,0,18300,2021-04-22 17:17:12
1385281605757964288,"RT @WhiteHouse: Before taking office, President Biden set a bold goal of 100 million shots in his first 100 days.
 
After reaching the goal‚Ä¶",Twitter Web App,0,2525,2021-04-22 17:17:26
1385624057916362752,Heading back to Georgia with @DrBiden next Thursday to mark 100 days of our administration and thank folks for help‚Ä¶ https://t.co/tqYM8vkpH8,Twitter Web App,52234,3995,2021-04-23 15:58:13
1385996697180979201,Let‚Äôs close the digital divide once and for all. Our American Jobs Plan will make sure every American has access to‚Ä¶ https://t.co/bPYjAfxtxq,Twitter Web App,24795,2798,2021-04-24 16:38:57
1386076233147076608,"RT @POTUS: Before I took office, I promised help was on the way. Just three months in, I‚Äôm proud to say help is here. We‚Äôve delivered over‚Ä¶",Twitter for iPhone,0,11498,2021-04-24 21:55:00
1386405977348472834,"RT @POTUS: Just as India sent assistance to the United States as our hospitals were strained early in the pandemic, we are determined to he‚Ä¶",Twitter Web App,0,15936,2021-04-25 19:45:17
1386426190861197313,"Get vaccinated, America.",Twitter Web App,215592,20481,2021-04-25 21:05:37
1386757820834586626,"RT @POTUS: Today, we‚Äôre launching a new program funded by the American Rescue Plan to provide nutrition assistance to more than 30 million‚Ä¶",Twitter Web App,0,6144,2021-04-26 19:03:23
1386805471084941312,"The American Jobs Plan will strengthen unions, help protect workers, and rebuild our economy. https://t.co/sHNa1eRfiB",Twitter Web App,22417,2572,2021-04-26 22:12:44
1387127637164822529,"RT @POTUS: I believe no one should work full time and still live in poverty. That‚Äôs why today, I raised the minimum wage to $15 an hour for‚Ä¶",Twitter for iPhone,0,23923,2021-04-27 19:32:54
1387154433985888260,"With the first 100 days of our administration under our belt, America is getting back on track‚Äîall thanks to the su‚Ä¶ https://t.co/ORwzvjmqO1",Twitter Web App,16913,1750,2021-04-27 21:19:23
1387421807158890507,"Before tonight‚Äôs joint address to Congress, join @DrBiden and Mayor @KeishaBottoms for a call to thank our grassroo‚Ä¶ https://t.co/yhI85udelO",Twitter Web App,5755,765,2021-04-28 15:01:50
1387476414098780165,"RT @POTUS: To make tonight‚Äôs joint address accessible for all Americans, every White House livestream will have American Sign Language (ASL‚Ä¶",Twitter Web App,0,2907,2021-04-28 18:38:49
1387572764740145157,"Together, we‚Äôre getting back on track. Tune in now for our administration‚Äôs first joint address to Congress. https://t.co/WWjl35N2Em",Twitter Web App,8537,1089,2021-04-29 01:01:41
1387577532510310401,"RT @POTUS: 100 days ago, America‚Äôs house was on fire. We had to act, so we:

- Passed the American Rescue Plan
- Administered over 200 mill‚Ä¶",Twitter Web App,0,3498,2021-04-29 01:20:38
1387585909378461702,"RT @POTUS: Trickle-down economics has never worked.

It‚Äôs time to grow the economy from the bottom up and middle out.",Twitter Web App,0,30260,2021-04-29 01:53:55
1387591082918260740,"RT @POTUS: If we are to truly restore the soul of America, then we need to protect the sacred right to vote.

Congress should pass H.R. 1 a‚Ä¶",Twitter Web App,0,6243,2021-04-29 02:14:29
1387800729281236997,100 days in‚Äîand America is getting back on track.,Twitter Web App,140846,9916,2021-04-29 16:07:32
1387861106966806536,In Georgia with @DrBiden to celebrate the successes of the first 100 days of the Biden-Harris administration. Jobs‚Ä¶ https://t.co/3LiCMd8sZR,Twitter Web App,8256,1148,2021-04-29 20:07:27
1388204128074076161,RT @POTUS: Join me at Philadelphia‚Äôs 30th Street Station as we celebrate Amtrak‚Äôs 50th Anniversary. https://t.co/HuPetlGvaU,Twitter Web App,0,1557,2021-04-30 18:50:30
1388262351967825928,"Thank you, Georgia, for everything. https://t.co/1Ci4pFJ4os",Twitter Media Studio,71451,4481,2021-04-30 22:41:52
1388533738934579201,We‚Äôve never been more optimistic about the future of America. https://t.co/EBHlCb2P84,Twitter Web App,78870,4739,2021-05-01 16:40:15
1388540850167287811,"RT @POTUS: This May, during Asian American and Native Hawaiian/Pacific Islander Heritage Month, we recognize the history and achievements o‚Ä¶",Twitter Web App,0,4522,2021-05-01 17:08:31
1388557988932333574,"RT @TheDemocrats: Elections make a difference. Thank you, Georgia. https://t.co/hKn1vIIr7Y",Twitter Web App,0,1361,2021-05-01 18:16:37
1388581577714720772,Democracy can deliver for the American people. https://t.co/UZ4BDIVoPf,Twitter Media Studio,18142,2309,2021-05-01 19:50:21
1388957075703803906,"America is on the move again. 

We are choosing hope over fear. 
Truth over lies. 
Light over darkness. 

There‚Äôs n‚Ä¶ https://t.co/huOShztjvT",Twitter Web App,101291,10330,2021-05-02 20:42:27
1389212356736126976,RT @POTUS: Teachers are an extraordinary force for good in our nation ‚Äî I‚Äôm lucky enough to be married to one and have seen firsthand how h‚Ä¶,Twitter Web App,0,7092,2021-05-03 13:36:50
1389328881652572166,"Georgia, when you sent @Ossoff and @ReverendWarnock to the Senate, you made history. Thank you. https://t.co/47KY4Tm9hv",Twitter Web App,56402,4826,2021-05-03 21:19:52
1389656643852451847,RT @POTUS: Our goal by July 4th is to have 70% of adult Americans with at least one shot ‚Äî and 160 million Americans fully vaccinated. It‚Äôs‚Ä¶,Twitter Web App,0,8599,2021-05-04 19:02:17
1390016508559077380,"RT @POTUS: If we want our economy to recover in a way that deals everyone in, then our restaurants need a seat at the table ‚Äî with the Amer‚Ä¶",Twitter Web App,0,4298,2021-05-05 18:52:15
1390345049716805632,RT @WhiteHouse: This week we launched the Restaurant Revitalization Fund to provide direct relief to restaurants and other hard-hit food es‚Ä¶,Twitter Web App,0,1691,2021-05-06 16:37:45
1390698029376843789,RT @POTUS: Tune in as I discuss the April jobs report. https://t.co/BUZiB5w1gj,Twitter Web App,0,1173,2021-05-07 16:00:22
1390763244713922561,"Since the beginning of our administration, the economy has added more than 1.5 million jobs. 

We‚Äôve still got work‚Ä¶ https://t.co/85Csk8L1MY",Twitter Web App,15362,2076,2021-05-07 20:19:31
1391036614361616389,RT @POTUS: I am proud of the people I go to work with at the White House every day ‚Äî but my pride can‚Äôt hold a candle to that of their moth‚Ä¶,Twitter for iPhone,0,4408,2021-05-08 14:25:47
1391058805509742599,Nearly 90% of the infrastructure jobs created in the American Jobs Plan don't require a college degree. It‚Äôs a blue‚Ä¶ https://t.co/JOHfqBXw2h,Twitter Web App,73323,8294,2021-05-08 15:53:58
1391422726389309447,"To moms everywhere, wishing you a safe and happy Mother‚Äôs Day. 

Share your favorite quote from your mother below. https://t.co/6gZ1siDh5y",Twitter Web App,29430,2799,2021-05-09 16:00:04
1391501156183068678,RT @POTUS: This has been an extraordinarily tough year for moms across this country. To all the moms who have carried us through this pande‚Ä¶,Twitter for iPhone,0,10606,2021-05-09 21:11:43
1391796788055711753,"The American Families Plan addresses four of the biggest challenges facing American families:
‚úÖAccess to a good edu‚Ä¶ https://t.co/cDjlX5Fpih",Twitter Web App,20000,2559,2021-05-10 16:46:27
1392184052128657414,RT @POTUS: We‚Äôre working hard to ensure transportation is less of a barrier when it comes to getting a COVID-19 vaccine. And I‚Äôm excited to‚Ä¶,Twitter Web App,0,7983,2021-05-11 18:25:18
1392226915973488642,We‚Äôre vaccinating the nation. We‚Äôre creating hundreds of thousands of jobs. We‚Äôre delivering real results people ca‚Ä¶ https://t.co/nugYnlCLMX,Twitter Web App,69710,6410,2021-05-11 21:15:37
1392584115619303425,"RT @POTUS: Tomorrow we will cross 250 million vaccine shots administered since we took office. 

It‚Äôs a truly remarkable achievement for th‚Ä¶",Twitter Web App,0,8995,2021-05-12 20:55:00
1392589979851841538,Getting a COVID-19 vaccine has never been easier. Go to https://t.co/EwdQ2dFHwG to find a location near you.,Twitter Web App,27792,3586,2021-05-12 21:18:18
1392887195418120192,RT @POTUS: My Administration has mobilized a whole-of-government response to get more fuel quickly and safely to where it is needed and to‚Ä¶,Twitter Web App,0,2559,2021-05-13 16:59:20
1392907845578940419,"RT @WhiteHouse: Big news from the CDC: If you‚Äôre fully vaccinated, you do not need to wear a mask ‚Äì indoors or outdoors, in most settings.‚Ä¶",Twitter Web App,0,22440,2021-05-13 18:21:24
1392932580027248645,"Today is a great day for America in our long battle with COVID-19. 

Just a few hours ago, the CDC announced they a‚Ä¶ https://t.co/Q1CLaXg0Oe",Sprout Social,55272,6090,2021-05-13 19:59:41
1392934633814253573,Getting vaccinated is easier than ever. You can find a vaccine site near you by texting your ZIP code to 438829.,Twitter Web App,29878,5546,2021-05-13 20:07:50
1392935976125833226,"After a year of hard work and so much sacrifice, the rule is now simple: get vaccinated or wear a mask until you do.",Twitter Web App,165641,17002,2021-05-13 20:13:10
1392958441807912962,"This was made possible by the extraordinary success we‚Äôve had in vaccinating so many Americans, so quickly. https://t.co/gTwM6Tp7lF",Twitter Media Studio,24458,3221,2021-05-13 21:42:27
1392979240681881603,The CDC announced that they are no longer recommending that fully vaccinated people need to wear masks. https://t.co/pFhJEtBepq,Twitter Media Studio,17769,2743,2021-05-13 23:05:05
1393291157816365059,"RT @POTUS: This is our moment to build an economy that works for everyone ‚Äî not just the super-wealthy and giant corporations. 
 
Let‚Äôs get‚Ä¶",Twitter Web App,0,6428,2021-05-14 19:44:32
1393580530021588994,"RT @POTUS: I know folks have a lot of questions about COVID-19, the vaccines, and the latest mask guidance. So, we had the nation‚Äôs top exp‚Ä¶",Twitter for iPhone,0,3913,2021-05-15 14:54:24
1394396502697680900,"RT @POTUS: On this International Day Against Homophobia, Transphobia, and Biphobia, the message from the United States is clear: everyone d‚Ä¶",Twitter Web App,0,10179,2021-05-17 20:56:47
1394426550733443079,The light at the end of the tunnel is growing brighter every day. https://t.co/McB4q1bqX4,Twitter Media Studio,18514,2004,2021-05-17 22:56:11
1394459502011891712,"In the battle against the COVID-19 pandemic, our nation is going to be the arsenal of vaccines for the rest of the‚Ä¶ https://t.co/1FDEfzFbOk",Twitter Media Studio,19534,2274,2021-05-18 01:07:07
1394674549703286791,"Help spread the word: From May 24 until July 4, Uber and Lyft will offer everyone in America free rides to and from‚Ä¶ https://t.co/DHR62e8wvV",Twitter Web App,150987,34778,2021-05-18 15:21:39
1394775653162098691,"RT @POTUS: Being at Ford‚Äôs Rouge Electric Vehicle Center today brought me home. For more than thirty years, my Dad managed car dealerships‚Ä¶",Twitter Web App,0,2534,2021-05-18 22:03:24
1394792535923507200,Text your ZIP code to 438829 to find COVID-19 vaccination locations near you.,Twitter Web App,38182,7332,2021-05-18 23:10:29
1395125579284983810,"We‚Äôre counting on you to roll up your sleeve, get vaccinated, and work together to change the course of this pandem‚Ä¶ https://t.co/PRCRyUwDUY",Twitter Web App,13435,1686,2021-05-19 21:13:52
1395183696769077248,"Our country is moving in the right direction, but there‚Äôs still work to do to dig our way out of an economic collap‚Ä¶ https://t.co/lxKMFAgsM2",Twitter Web App,38206,4107,2021-05-20 01:04:49
1395469725493342210,"RT @POTUS: Incidents of hate against Asian Americans have seen a shocking spike over the last year. It‚Äôs wrong ‚Äî and it‚Äôs un-American.
 
To‚Ä¶",Twitter Web App,0,5032,2021-05-20 20:01:23
1395499181226266625,"There are millions of Americans who, through no fault of their own, have been knocked flat on their back this past‚Ä¶ https://t.co/6hbhRvsGE1",Twitter Web App,41831,3976,2021-05-20 21:58:26
1395772093422317579,"Folks, let‚Äôs beat this virus once and for all. 
üîç Visit https://t.co/EwdQ2dFHwG
üí¨ Text your ZIP code to 438829
üìû Ca‚Ä¶ https://t.co/PEPpNCERee",Twitter Web App,15461,2708,2021-05-21 16:02:53
1396140096269824008,The American Families Plan is a once-in-a-generation investment in the foundations of middle-class prosperity: educ‚Ä¶ https://t.co/CIPhnn0IQg,Twitter Web App,31438,3647,2021-05-22 16:25:12
1396539256298954756,"RT @POTUS: Since we took office, hunger rates have dropped 43% among adults. They‚Äôre at their lowest rates since the start of the pandemic.‚Ä¶",Twitter for iPhone,0,9018,2021-05-23 18:51:19
1396579064777953285,"More than 20,000 pharmacies coast to coast are now offering walk-in vaccinations with no appointment necessary. Fin‚Ä¶ https://t.co/b63PcF73Z2",Twitter Web App,44629,7127,2021-05-23 21:29:30
1396849087845179394,"RT @POTUS: The recent attacks on the Jewish community are despicable, and they must stop. I condemn this hateful behavior at home and abroa‚Ä¶",Twitter Web App,0,10877,2021-05-24 15:22:29
1396886878045970434,"The American Rescue Plan is helping get us out of this crisis and back on track‚Äîbut we can‚Äôt stop now. 

We must pa‚Ä¶ https://t.co/bXFJagHhvy",Twitter Web App,36579,4414,2021-05-24 17:52:39
1396938703109492741,"After meeting with experts and scientists, our administration has set an ambitious goal of having 70% of the U.S. a‚Ä¶ https://t.co/JbPPOJlO5B",Twitter Web App,38723,4241,2021-05-24 21:18:35
1397249167286841347,"RT @POTUS: It‚Äôs been one year since George Floyd was murdered. In that time, George‚Äôs family has shown extraordinary courage. Last month‚Äôs‚Ä¶",Twitter Web App,0,5334,2021-05-25 17:52:15
1397297809410433027,"Across the country, we have failed to properly invest in infrastructure for half a century. The American Jobs Plan‚Ä¶ https://t.co/e4ddKyzGtT",Twitter Web App,40019,4841,2021-05-25 21:05:32
1397655816426119173,"Enjoyed meeting with Maria and Dreamers this month. Dreamers are Americans, and we are fighting for them. https://t.co/3Hfa0xNnFN",Twitter Media Studio,11244,1437,2021-05-26 20:48:08
1397694754528313350,"RT @POTUS: We are still awaiting many of the details of this latest mass shooting in San Jose, but there are some things we know for sure.‚Ä¶",Twitter for iPhone,0,7785,2021-05-26 23:22:52
1397980959723696137,RT @POTUS: Tune in as I deliver remarks on our economic progress and share my vision for the future. https://t.co/h5ULW6rjJ7,Twitter Web App,0,1161,2021-05-27 18:20:08
1398039819947741185,The Biden economic plan is working. https://t.co/boXNRUWEvi,Twitter Media Studio,16219,1910,2021-05-27 22:14:02
1398083579075350528,"This is our moment to rebuild an economy from the bottom up and the middle out‚Äînot trickle down.

This is our momen‚Ä¶ https://t.co/qVhpAGRrcb",Twitter Web App,44011,5301,2021-05-28 01:07:55
1398293173349277704,RT @POTUS: America is on the move again. We‚Äôve turned the tide on a once-in-a-century pandemic and a once-in-a-generation economic crisis.‚Ä¶,Twitter Web App,0,2553,2021-05-28 15:00:46
1398335999349035012,"To put it simply, America's coming back. https://t.co/SYN7NZkH91",Twitter Media Studio,16845,1837,2021-05-28 17:50:56
1398385137402843137,"Before we took office, the economy added back 60,000 jobs per month. It‚Äôs now adding back 500,000 jobs per month.‚Ä¶ https://t.co/gi2LOgpkdA",Twitter Web App,63036,7375,2021-05-28 21:06:12
1398663242675806212,Grassroots supporters made it possible for us to pass the American Rescue Plan and start getting our country back o‚Ä¶ https://t.co/PO6TQhO4cL,Twitter Web App,8164,1241,2021-05-29 15:31:17
